overture_id,place_name,primary_category,primary_religion,confidence,latitude,longitude,street_address,city,region,postal_code,country_code,social_media_links,websites,emails,phone_numbers,operating_status,brand_name,alternate_categories
f191555f-9b53-48d3-ad62-8f0090ab08a8,St. Mary's Catholic Church,catholic_church,christianity,0.9500626074,25.2402895,55.3177398,طريق عود ميثا 247,دبي,,,AE,https://www.facebook.com/262405018617,https://www.saintmarysdubai.org/,,+97143370087,open,,"church_cathedral,religious_organization"
4cb63719-ccb2-4ff3-8eb2-143a9068533f,Ipc Carmel Church Dubai,church_cathedral,christianity,0.9500626074,25.2377583,55.3180474,,دبي,,505240,AE,https://www.facebook.com/934720869993629,http://www.ipccarmel.com/,,+971556929213,open,,religious_organization
6b3303dd-1c73-4b0d-94ec-22c9e770d97a,Shiva Temple,hindu_temple,hinduism,0.9500626074,25.2647341,55.2967892,Opp.Dubai Museum - Al Fahidi St,دبي,,24976,AE,https://www.facebook.com/452707128108636,,,+97143535334,open,,"religious_organization,landmark_and_historical_building"
23ebf018-b100-4b7d-8de5-5cf0a4637dc3,Masjid Al Saadah Mosque,mosque,islam,0.9500626074,25.2780916,55.3411824,شارع 30ب 127,دبي,,,AE,https://www.facebook.com/327913598578946,,,,open,,
8a368177-6a96-46f7-a4f0-cafe4931ed42,Dubai Health Authority Mosque,mosque,islam,0.9500626074,25.246533,55.3189248,,دبي,,,AE,https://www.facebook.com/2397267896969640,,,,open,,
5caa4580-b0f2-4f92-9f8d-680de2bfc9f7,Ebaad Al Rahman Masjid,mosque,islam,0.9500626074,25.3594947,55.387292,Ebad Alrahman Mosque,الشارقة,,20268,AE,https://www.facebook.com/309145979099658,,,,open,,religious_organization
d2c2af03-7207-4de7-bed8-c996f7dda079,Khalfan Roomi Masjid Al Nahda,mosque,islam,0.9500626074,25.299925,55.3730093,- Bukhara St,الشارقة,,61180,AE,https://www.facebook.com/343486366383312,,,,open,,
e59a243b-5782-4725-b0fe-8853ecb5e10b,Beltheeb Masjid,mosque,islam,0.9500626074,25.2715552,55.2993871,18 - 18 13a St,دبي,,4108,AE,https://www.facebook.com/908202782554900,,,,open,,
87f6a7eb-8ac8-4715-8389-600eeeddfa6b,Masjid Mosque,mosque,islam,0.9500626074,25.2796401,55.3391163,"32779 96949, شارع 29أ 16",دبي,,,AE,https://www.facebook.com/297567463626373,www.SARKARGOHARSHAHi.com,,,open,,"church_cathedral,accommodation"
51e8b302-07b6-4c4c-85bd-fa693cc1b68d,Sharjah Eid Musalla,mosque,islam,0.9500626074,25.3577057,55.3997544,,الشارقة,,,AE,https://www.facebook.com/368974829841497,,,,open,,
df7331ec-9daa-457c-9153-29277833fa54,Al Noor Mosque Dubai,mosque,islam,0.9500626074,25.2754559,55.3722315,14 7 St,دبي,,47602,AE,https://www.facebook.com/637126326634495,https://ae.parkopedia.com/parking/carpark/masjid_al_noor_mosque/dubai/?vendor=here,,+97142613399,open,,"church_cathedral,parking"
ca7f2d7a-12e8-4208-8e42-71c4f8918817,Masjid Al Shaikha Latiffa Bint Hamdan AAl Nahyan,mosque,islam,0.9500626074,25.2768799,55.3071845,Somalia Mosque,دبي,,6073,AE,https://www.facebook.com/252255752140143,,,,open,,church_cathedral
b3b221ec-7660-4e24-a930-ff361b0608a1,مسجد الإمام أبي بكر الباقلاني,mosque,islam,0.9500626074,25.3573162,55.3869343,,الشارقة,,,AE,https://www.facebook.com/285792388795665,,,,open,,"church_cathedral,religious_organization"
4a790150-fdd1-478f-b7c6-3b0fd9e0539e,Mosque,mosque,islam,0.9500626074,25.2677522,55.3184888,"Al Ghurair Centre - Abdulla Al Ghurair Foundation for Education, Office #1038, 10th Floor, Al Ghurair Office Tower 4",دبي,,,AE,https://www.facebook.com/1858671030915194,,,,open,,church_cathedral
03955c1e-db86-4308-96cb-883a1807d3b2,Masjid Al Taqwa Mosque,mosque,islam,0.9500626074,25.3261754,55.3890681,- Corniche St,الشارقة,,25262,AE,https://www.facebook.com/366280390075025,,,+97165055888,open,,religious_organization
8be1bf54-41ca-496a-8f9f-4a93be965b60,IPC Worship Centre Sharjah,pentecostal_church,christianity,0.9500626074,25.3503268,55.4027988,53 Al Dhahak Bin Harethah St,الشارقة,,,AE,https://www.facebook.com/107674465640168,https://youtube.com/@IPCWorshipCentre,,+971504814789,open,,"church_cathedral,religious_organization"
79316f36-0729-4dfd-b914-03d0ca127a90,Sri Gurudwara sahib,sikh_temple,hinduism,0.9500626074,25.2649653,55.2970407,51b 5b St,دبي,,24976,AE,https://www.facebook.com/159047977630543,,,,open,,religious_organization
9765190c-dd82-4cac-a060-d12c8fe4be93,Dubai Central Seventh-day Adventist Church,church_cathedral,christianity,0.9500626074,25.2378889,55.3186532,"Holy Trinity Church Compound. Umm Hurair 2, Near St. Mary's Catholic Church",دبي,,505240,AE,https://www.facebook.com/544102665602960,http://www.dubaiadventist.org/,,+971501940813,open,,religious_organization
c825b7b4-416f-44ab-a11a-e8b67cf69f1a,Christian Fellowship Church,church_cathedral,christianity,0.9500626074,25.3505754,55.4028502,Hall No# 3 - Worship Center - 8 Street 52,الشارقة,,9978,AE,https://www.facebook.com/101335974772335,http://uaetamilchurch.com/,,+916371936583,open,,religious_organization
f8c87fc1-f22e-4d3f-9574-f5d2b4a1d1d4,Masjid Ashram,mosque,islam,0.9500626074,25.2855418,55.3282026,"31685 97607, شارع هور العنز 35",دبي,,,AE,https://www.facebook.com/1428006250833713,,,+971527742746,open,,religious_organization
762788e6-1ba1-4f4e-a2dd-251b064ac4bd,Yaqub Mosque,mosque,islam,0.9500626074,25.2606562,55.3177658,- 6B St,دبي,,10237,AE,https://www.facebook.com/105091474313545,,,,open,,
bc6e9546-bbf1-4bed-9311-aad9a5a10055,Saifee Masjid,mosque,islam,0.9500626074,25.2736669,55.3040157,شارع 16 18,دبي,,,AE,https://www.facebook.com/253997137946368,www.monjuralam.webs.com,,+97144257450,open,,religious_organization
85896370-047d-4e53-84b0-9ea9b9318554,Masjid Hareb Bin Hareb,mosque,islam,0.9500626074,25.2639956,55.2923306,"28044 95273, شارع السوق 11",دبي,,,AE,https://www.facebook.com/992726787593347,,,,open,,
28ebb4ac-f737-4cb5-9a1f-5123e9177d9c,مسجد مالك بن أوس,mosque,islam,0.9500626074,25.3273814,55.3772935,Malik Ibn Aws Mosque,الشارقة,,1234,AE,https://www.facebook.com/186509528903312,,,,open,,
a601fab4-2a87-4eca-bc58-2bacc4dcff95,DIFC Grand Mosque,mosque,islam,0.9500626074,25.2085313,55.2777279,"Gate Avenue (new extension) Zone D, 1st Floor, next to the food hall - Trade CentreDIFC",دبي,,1606,AE,https://www.facebook.com/102192132023955,,,+97143622222,open,,
da289d54-f78a-4953-b09a-d2c8ea5a733e,Masjid Imam Baqir a.s,mosque,islam,0.9500626074,25.2709077,55.3878419,6c 15a St,دبي,,232144,AE,https://www.facebook.com/241587109267318,,,,open,,
2472d5ac-481c-44a7-850b-a102a6f12e5b,Sheikh Saud Al Qasimi Mosque,mosque,islam,0.9500626074,25.339913,55.4291023,,الشارقة,,,AE,https://www.facebook.com/333302507426737,,,+97165055888,open,,
964b7703-2499-4896-8115-3cb085df60c7,Abdul Raheem Mohammad Ketait Mosque,mosque,islam,0.9500626074,25.2383112,55.3087894,- 8th St,دبي,,42998,AE,https://www.facebook.com/629485210781556,,,,open,,
ae8881d1-018b-45d7-a3e1-a400a858a8b6,Abu Hanifa Mosque,mosque,islam,0.9500626074,25.3919497,55.4257331,,عجمان,,,AE,https://www.facebook.com/2151645451541741,,,,open,,
fe632e70-48ce-455c-abe3-a3cc1ad5eb8f,IPC Ebenezer Dubai,pentecostal_church,christianity,0.9500626074,25.2377487,55.3178616,"30511 92337, طريق عود ميثا 253",دبي,,,AE,https://www.facebook.com/104641452446289,http://www.ipcebenezerdubai.com/,,+971505246046,open,,religious_organization
27213ad0-71b8-4f04-b7ca-c938816bd51e,Lankaramaya Buddhist Temple,buddhist_temple,hinduism,0.9500626074,25.2434428,55.3462792,34 31A St,دبي,,122374,AE,https://www.facebook.com/1033030186709085,,,+971502048234,open,,religious_organization
6ac82516-e493-4b73-827e-d3acf7cf2a53,KRCI ajman church,church_cathedral,christianity,0.9500626074,25.3973889,55.4291035,Waves Hotel - Rumailah - Ajman,عجمان,,,AE,https://www.facebook.com/198508403354059,,,+971508475478,open,,religious_organization
8fdf4a9c-5a50-4f65-840e-1f99816de57c,St. Thomas Orthodox Cathedral,church_cathedral,christianity,0.9500626074,25.2392408,55.3148484,"30437 91763, طريق عود ميثا 27",دبي,,,AE,https://www.facebook.com/1417082595227659,http://stthomascathedraldubai.com/,,+97143371122,open,,religious_organization
fdd53496-3b1b-4b74-9fec-f260a91eeb64,St. Mark and Ava Bishoy Coptic Orthodox Church,church_cathedral,christianity,0.9500626074,25.2376702,55.3182375,Inside Holy Trinity Church - Oud Metha Rd,دبي,,505240,AE,https://www.facebook.com/278983342955039,,,+971564765593,open,,religious_organization
932084ec-ad44-46fa-af0a-d33e6e851694,Crossroads Church Dubai,church_cathedral,christianity,0.9500626074,25.26887,55.3166819,"Swissôtel Al Ghurair, Deira",دبي,,,AE,https://www.facebook.com/101368397918640,http://www.crossroadsdubai.org/,,,open,,religious_organization
6eca0720-48f2-4dee-a472-28e57a233406,Edify Church Dubai,church_cathedral,christianity,0.9500626074,25.2701866,55.3318059,Speedex Center - Salah Al Din St,دبي,,580015,AE,https://www.facebook.com/173475339990179,,,+971559006494,open,,"evangelical_church,religious_organization"
362c5b6a-397f-4d51-837a-d531e80083ec,Deira,church_cathedral,christianity,0.9500626074,25.2798639,55.3339888,- Hor Al Anz St,دبي,,,AE,https://www.facebook.com/102048349026391,,,,open,,
5d3a1e1b-781e-4176-8b47-cbdeb65a510c,St. Mary's Jacobite Syrian Soonoro Patriarchal Cathedral,church_cathedral,christianity,0.9500626074,25.3497097,55.4034011,Al Dhahak Bin Harethah St-26th St,الشارقة,,20768,AE,https://www.facebook.com/883778241707638,http://StMarysSharjah.com/Home.aspx,,+97165663384,open,,"religious_organization,community_services_non_profits"
d7ab3f73-c47c-40a6-b3fb-65a5c69aca2b,Fellowship at Creekside,church_cathedral,christianity,0.9500626074,25.2426234,55.3409164,Jumeirah Creekside Hotel,دبي,,,AE,https://www.facebook.com/132772210679722,,,+97145831226,open,,religious_organization
0ddfb6aa-3e40-4a4c-9507-5fca98115701,Saint Gregory the Illuminator Armenian Church,church_cathedral,christianity,0.9500626074,25.3493269,55.4037042,30 Al Dhahak Bin Harethah St-26th St,الشارقة,,20768,AE,https://www.facebook.com/121840301227467,http://www.emahay.com,,+97165660320,open,,religious_organization
bb020920-2f47-4fef-bf5f-205144e47f24,Dubai Temple,hindu_temple,hinduism,0.9500626074,25.263798,55.2967975,شارع 58 3,دبي,,,AE,https://www.facebook.com/999977766788383,"http://en.wikipedia.org/wiki/Hindu_Temple,_Dubai",,+97143535334,open,,religious_organization
e9187eb6-5c2e-42c7-a4af-3fd9ef515633,Rashid and Fatima Mosque,mosque,islam,0.9500626074,25.2233324,55.2817293,- Back side of KFC and Hotel Nassima Royal - Sheikh Zayed Rd,دبي,,333840,AE,https://www.facebook.com/235967263181869,,,,open,,religious_organization
c287c3da-b9fe-4ed6-8cd7-81eed20020b2,Sheikh Hamdan Bin Rashid Al Maktoum Masjid,mosque,islam,0.9500626074,25.2538406,55.3345151,Sheikh Hamdan Mosque - 14 27th St,دبي,,111306,AE,https://www.facebook.com/236753726384140,,,+97146087777,open,,religious_organization
f914faa7-e09f-42bf-881b-3d41d767bf6d,AlSayed Mohammad AlHashemi Mosque,mosque,islam,0.9500626074,25.2364341,55.2722055,- 2A St,دبي,,8396,AE,https://www.facebook.com/112831767872548,,,,open,,
c83664d8-bd48-45b7-998e-be88dae41782,Ali Bin Abi Taleb Masjid,mosque,islam,0.9500626074,25.2932922,55.3412571,103 22nd St,دبي,,21870,AE,https://www.facebook.com/261416897892075,,,+971588683743,open,,
4236610b-0343-4123-a818-3b56713c5283,Sheikha Hind Bint Maktoum Mosque,mosque,islam,0.9500626074,25.2059667,55.2907768,شارع زعبيل 2,دبي,,,AE,https://www.facebook.com/237857983615232,,,,open,,
71762806-8afe-4a04-ba89-47ae21f85cf8,Ramadhan Juma Masjid,mosque,islam,0.9500626074,25.2094704,55.2710361,,دبي,,,AE,https://www.facebook.com/455730577840152,,,+971800600,open,,
84e8ccf1-27be-4196-a212-538f641b3ce5,Mustafa Abdellatif Masjid,mosque,islam,0.9500626074,25.2717857,55.3025057,Masjid Mustafa Abdulateef Mosque,دبي,,28740,AE,https://www.facebook.com/368145133211273,,,,open,,religious_organization
a79aa90d-a438-424e-b545-56671e4a00a3,Musallah Building,mosque,islam,0.9500626074,25.3552651,55.3953681,,الشارقة,,3499,AE,https://www.facebook.com/232023020148419,,,+97165320737,open,,"accommodation,landmark_and_historical_building"
3456304a-82ae-4fb7-a73e-197773e84f8d,Nasir Masjid,mosque,islam,0.9500626074,25.271087,55.309049,- Baniyas Rd,دبي,,POST BOX- 112702,AE,https://www.facebook.com/2283295291956009,,,+97198751571,open,,
513f3317-0b94-40bc-812c-2b0e0467d675,Al Rahimoon Mosque,mosque,islam,0.9500626074,25.3006077,55.366376,Sharjah,دبي,,,AE,https://www.facebook.com/1948203782091945,,,+97165055888,open,,"church_cathedral,religious_organization"
a02cf819-b524-413f-beaa-bd8bb8769113,مسجد الحديقه,mosque,islam,0.9500626074,25.4047043,55.4515637,- Sheikh Rashid Bin Saeed Al Maktoum St,عجمان,,15468,AE,https://www.facebook.com/101543118524362,,,,open,,
404960f3-2757-4a06-ab3e-9288a4bddab6,Grand Bur Dubai Masjid,mosque,islam,0.9500626074,25.2642376,55.29678,"Opposite Dubai Museum, Near Rulers Court Office - 67 Ali Bin Abi Taleb St",دبي,,24976,AE,https://www.facebook.com/123329074379190,http://www.transad.ae/,,+971800600,open,,"tours,landmark_and_historical_building"
8c651b1f-ec92-40bf-a3d7-cd296e1dfe41,Omar Ibn Al Khattab Mosque,mosque,islam,0.9500626074,25.3655405,55.4004185,Maysaloon,الشارقة,,,AE,https://www.facebook.com/784826915222534,,,+97165055888,open,,
5d346666-0179-46e6-bb46-695076740f25,Masjid Shan e Khuda,mosque,islam,0.9500626074,25.2781561,55.3145384,97 - 89 10B St,دبي,,78G5+78,AE,https://www.facebook.com/225480860873018,,,,open,,religious_organization
7f9544c5-0dcd-44a5-9df6-86829a14ccda,Masjid Fatima Bint Ali Al Nuaimi,mosque,islam,0.9500626074,25.3999206,55.4269199,13 شارع عبد الله ابن عبود,عجمان,,3456,AE,https://www.facebook.com/1923805667923089,,,,open,,
ac817085-8c77-4e1f-99e2-91aa04010333,Mosque of Omar ibn al-Khattab,mosque,islam,0.9500626074,25.2428004,55.2802239,14 7 B St,دبي,,113388,AE,https://www.facebook.com/328144351350882,,,,open,,
7ab4a695-95f5-4788-a645-dcb39090ca54,مسجد عثمان بن عفان,mosque,islam,0.9500626074,25.4006392,55.4447606,شارع 5 8,عجمان,,,AE,https://www.facebook.com/402109656593675,,,,open,,
ae799379-916e-4c85-928b-c2367da87e49,Masjid Al Safiya Al Kabeer Mosque,mosque,islam,0.9500626074,25.2767686,55.3409097,شارع 31 49,دبي,,,AE,https://www.facebook.com/100223765447350,,,,open,,
f6b191fd-c502-4d95-92cd-c0a436d1b40e,Majid Ahmad AlGhurair Mosque,mosque,islam,0.9500626074,25.233251,55.2741093,34 12A St,دبي,,,AE,https://www.facebook.com/630491773733840,,,,open,,"religious_organization,accommodation"
aae0c90d-cb6f-469e-bd3c-19e781d2b7e0,Masjid,mosque,islam,0.9500626074,25.2727677,55.2999891,6 21a St,دبي,,28740,AE,https://www.facebook.com/297892567701884,,,,open,,
ff76390f-c7df-4343-988d-c30707b3a898,Masjid Al Fatah,mosque,islam,0.9500626074,25.2570901,55.3015044,Third - 10 شارع ٢١,دبي,,73070,AE,https://www.facebook.com/383504985000797,,,,open,,religious_organization
013bb391-a077-4e06-b4d6-bab7188f521f,Al Falah Mosque,mosque,islam,0.9500626074,25.2510913,55.2979954,Mankhool Bur Dubai,دبي,,,AE,https://www.facebook.com/344612229569111,,,,open,,
e20285de-5432-4b02-adcc-08fc4c406199,Latifa Mosque,mosque,islam,0.9500626074,25.278035,55.3125032,- 45th St,دبي,,78G5+78,AE,https://www.facebook.com/848748931919930,,,+971586791996,open,,religious_organization
395e2f29-2f06-4a35-b7b1-e4ab5d929aaa,Al futtaim masjid,mosque,islam,0.9500626074,25.2764577,55.3127149,Futtaim Masjid (mosque) - 22 45th St - near Al,دبي,,78G5+78,AE,https://www.facebook.com/214643965389990,,,+971565306717,open,,"church_cathedral,religious_organization"
81dde097-ecfc-4e9d-b5eb-a8966c49d637,Al Shabab Al Arabi Club Mosque,mosque,islam,0.9500626074,25.2918414,55.3476437,2 Al Rasheed Rd,دبي,,93826,AE,https://www.facebook.com/341164292606746,,,,open,,
80752604-5e4b-4f9e-90ad-bd11f7721807,Masjid,mosque,islam,0.9500626074,25.2398519,55.3048035,,دبي,,,AE,https://www.facebook.com/249730858379708,,,,open,,religious_organization
f906c4a5-39fb-4e1a-80b4-0b5ae5679bdc,مسجد الشيخ راشد بن حميد النعيمي,mosque,islam,0.9500626074,25.401855,55.4400094,1 Al Zahir Street,عجمان,,3456,AE,https://www.facebook.com/103471343086568,,,,open,,
33681952-6b22-4f0b-8128-e3c709d2c69c,مسجد النبي نوح,mosque,islam,0.9500626074,25.3640636,55.487089,,عجمان,,,AE,https://www.facebook.com/1111529942368487,,,+971585368163,open,,
33a17301-2670-4439-b89c-614462ba086b,Juma Masjid,mosque,islam,0.9500626074,25.2541999,55.3001371,5 22A St,دبي,,73070,AE,https://www.facebook.com/174035576037188,,,,open,,
7c97ea51-46c7-4c59-b8c2-b117cbeb80a2,Fatimah Mohammed Ali Mosque,mosque,islam,0.9500626074,25.2949523,55.3689538,- 11th St,دبي,,16062,AE,https://www.facebook.com/487534231727808,,,,open,,
397bec20-cd8b-4c8e-9c4a-79d502c82d06,جامع الشيخ راشد بن سعيد آل مكتوم رحمه الله زعبيل1,mosque,islam,0.9500626074,25.2235734,55.2991748,4 25 St,دبي,,9292,AE,https://www.facebook.com/317793378895348,,,,open,,
ca210be0-ef42-4c84-85e9-0030a6db0b93,AL Musalla Building,mosque,islam,0.9500626074,25.3535619,55.3931488,شارع إبراهيم محمد المدفع 123,الشارقة,,,AE,https://www.facebook.com/369008589880552,,,,open,,
e82944b9-35df-47d9-b3db-0cc039438490,King Faisal Mosque,mosque,islam,0.9500626074,25.3492663,55.3873441,- King Abdul Aziz St,الشارقة,,20268,AE,https://www.facebook.com/191262214245890,http://www.sia.gov.ae,,+97165055888,open,,"religious_organization,church_cathedral"
6f764b02-828a-4c55-8db5-abca0575d285,مسجد صلاة الجمعة,mosque,islam,0.9500626074,25.206006,55.2907282,19 22b St,دبي,,50665,AE,https://www.facebook.com/164052801104338,,,+971800600,open,,community_services_non_profits
fa300419-6aa5-42f4-9fe0-4ac3fe1a0d17,masjid,mosque,islam,0.9500626074,25.3820124,55.4056149,شارع الشرق 899,الشارقة,,,AE,https://www.facebook.com/339978383475010,,,,open,,
f7eca31e-de9a-4bea-8ca6-5b871756770b,Hussainya Zehra Imam Bargah,mosque,islam,0.9500626074,25.2594489,55.2970791,27 41st St,دبي,,242295,AE,https://www.facebook.com/430401563679285,,,,open,,"church_cathedral,religious_organization"
1b8142b3-a271-443c-9de0-8b46468102da,Burhani Masjid Sharjah,mosque,islam,0.9500626074,25.3530635,55.3980863,Near Etisalat,الشارقة,,3499,AE,https://www.facebook.com/242654425755714,www.anajmishj.org,,+971555483904,open,,religious_organization
4f45effc-f0f7-4906-8be5-289012e1eb9b,مسجد الشعالي للألمنيوم,mosque,islam,0.9500626074,25.3755704,55.459268,,عجمان,,,AE,https://www.facebook.com/291099218507420,,,,open,,
2ee7dd9f-0e78-4e81-8f5e-20f52e4255fb,Al Farooq Mosque,mosque,islam,0.9500626074,25.2649008,55.2994325,2 Al Mussalla St,دبي,,39205,AE,https://www.facebook.com/1880716795339369,,,,open,,
8206524b-4747-4a74-8ad2-2786b7d60a38,Ahmed Ibn Hanbal Mosque,mosque,islam,0.9500626074,25.3569993,55.4276903,,الشارقة,,,AE,https://www.facebook.com/423048557741311,,,+97165055888,open,,"church_cathedral,religious_organization"
d8ffeb60-4089-43db-8381-b057ff1f9d7f,AI Emam Abu Hanifa Mosque,mosque,islam,0.9500626074,25.3895666,55.4652241,- Sheikh Khalifa Bin Zayed St,عجمان,,5163,AE,https://www.facebook.com/600545137029514,,,,open,,
5a599f28-0798-4e3f-a74b-bbca3b584a29,Masjid Bilal bin Rabah Mosque,mosque,islam,0.9500626074,25.2720281,55.3173427,43 3b St,دبي,,,AE,https://www.facebook.com/372091016315971,,,,open,,church_cathedral
9e68cb6f-3677-4674-b61c-ea93e952f719,Immanuel Assemblies of God Church,pentecostal_church,christianity,0.9500626074,25.2375834,55.3179236,"Holy Trinity Church compound, Hall B1 - Oud Metha Rd",دبي,,505240,AE,https://www.facebook.com/246217478727647,http://www.immanuelagdubai.org/,,+971505031647,open,,"church_cathedral,religious_organization"
0b3da2a4-50ea-4ae8-923b-46ec9b91d926,St. Martin's Anglican Church,anglican_church,christianity,0.9500626074,25.3488219,55.4026988,"""Al Yarmook, Hay Al Qasimiah""",الشارقة,,,AE,https://www.facebook.com/325888250793970,http://www.stmartinssharjah.org/,,+97165663388,open,,"church_cathedral,religious_organization"
47f45f20-3351-4987-8529-3c71f16d07eb,St. Michael's Catholic Church,catholic_church,christianity,0.9500626074,25.3497378,55.403056,15 Abdullah Bin Anees St-21st St,الشارقة,,20768,AE,https://www.facebook.com/360223877738649,https://stmichaelssharjah.org,,+97165662424,open,,"church_cathedral,religious_organization"
b091d792-f73d-4d7f-995f-f99fc68c90bd,Russian Orthodox Church,church_cathedral,christianity,0.9500626074,25.3501362,55.4042208,Jabber Bin Abdulla Street,الشارقة,,9978,AE,https://www.facebook.com/352232478134732,http://rpsc.ru/,,+971556850331,open,,religious_organization
6d353d66-2a16-4f47-a5a9-b086b61e12b4,Sharjah Worship Center,church_cathedral,christianity,0.9500626074,25.350619,55.4028124,- 8 Street 52,الشارقة,,9978,AE,https://www.facebook.com/1632132763736988,http://www.churchunited.me/,,+971509416777,open,,religious_organization
3a8b0868-ec91-4038-b7ce-bc177a1f1935,ImamBargah Ali Reza,church_cathedral,christianity,0.9500626074,25.3609441,55.3921935,Behind - Arabian Gulf St,الشارقة,,3499,AE,https://www.facebook.com/228487354148,http://www.imambargahalireza.com/,,+971554343282,open,,religious_organization
84654e80-2de1-4150-9223-dca9a382927f,St. Mary and Abou Sefein Coptic Church,church_cathedral,christianity,0.9500626074,25.3501774,55.4034666,20 Al Dhahak Bin Harethah St-26th St,الشارقة,,20768,AE,https://www.facebook.com/478403238848064,https://youtube.com/@stmaryshj?si=earsEdZ1I20-MseU,,,open,,religious_organization
991df227-9c90-41f1-96ff-0026af9f4dac,The Mar Thoma Parish Sharjah,church_cathedral,christianity,0.9500626074,25.3499483,55.403064,"Yarmook Area, Near Progressive School, P.O. Box 2106",الشارقة,,20768,AE,https://www.facebook.com/265906710436255,http://www.marthomaparishsharjah.com/,,+97165669868,open,,religious_organization
9eedfd87-2791-4158-aab9-477fe642ffa2,Holy Trinity Church,church_cathedral,christianity,0.9885143997,25.2376716,55.3183779,8 19dStreet,دبي,,505240,AE,https://www.facebook.com/169667953187931,http://holytrinitychurchdubai.org/,,+97143370247,open,,religious_organization
b8ce6239-8a48-4668-b72c-7cb7c279c229,Shri Krishna Temple,hindu_temple,hinduism,0.9500626074,25.2646888,55.2968426,51a 5b St,دبي,,24976,AE,https://www.facebook.com/334327906684189,,,+97143534299,open,,"religious_organization,community_services_non_profits"
05be6dfb-de11-4d45-b222-5bccb9404ff4,ShrinathJi Temple,hindu_temple,hinduism,0.9500626074,25.264773,55.296849,55 5b St,دبي,,39205,AE,https://www.facebook.com/111723812860815,http://www.krishnatempledubai.com/,,+97143534299,open,,community_services_non_profits
87c440df-29c7-4b48-b484-c428ed4ea81c,مسجد أسامة بن زيد,mosque,islam,0.9500626074,25.3390073,55.3702049,الخان,الشارقة,,,AE,https://www.facebook.com/173050410287740,,,,open,,
7a4d6883-659a-46ce-be81-c72f91b24fed,Sheikh Zayed Mosque,mosque,islam,0.9500626074,25.4169477,55.4892201,- University St,عجمان,,7770,AE,https://www.facebook.com/398298663514260,,,+97180029723,open,,"church_cathedral,religious_organization"
3905604d-3e7c-44b9-98f7-77a660711ecc,Al Noor Mosque,mosque,islam,0.9500626074,25.3347256,55.3871472,- Corniche St,الشارقة,,25262,AE,https://www.facebook.com/163272960521319,http://www.shjculture.com/en/,,+97165055888,open,,"religious_organization,landmark_and_historical_building"
01ded1de-023f-4158-9400-4040838ced17,Masjid Imam Ali A.S,mosque,islam,0.9500626074,25.2636479,55.2940378,Nr Dubai Museum,دبي,,24976,AE,https://www.facebook.com/206714066132774,,,+971557204837,open,,religious_organization
e1790084-0adc-4f1a-a3d0-49985cdfa257,Amina Bint Ahmad Al Ghurair Mosque,mosque,islam,0.9500626074,25.4152923,55.48444,Safia Street,عجمان,,40192,AE,https://www.facebook.com/2182066678693799,,,+971588814575,open,,landmark_and_historical_building
371b9140-03ee-4534-a33a-e841d2154f6c,Masjid Khalifa bin Sultan,mosque,islam,0.9500626074,25.2792857,55.346679,54 3b St,دبي,,90997,AE,https://www.facebook.com/442673919830731,https://ae.parkopedia.com/parking/carpark/masjid_khalifa_bin_sultan_mosque/dubai/?vendor=here,,,open,,church_cathedral
9a977e98-f208-4cc1-9012-4ec261b7231f,Salama Bint Ali Ahli Mosque,mosque,islam,0.9500626074,25.2918769,55.3842205,Doha St,دبي,,,AE,https://www.facebook.com/170535890176126,,,,open,,
a6e08b41-6f2c-40f8-9ad3-1cfa200a385a,Burhani Masjid,mosque,islam,0.9500626074,25.2857594,55.3688241,شارع 25أ 19,دبي,,,AE,https://www.facebook.com/199058126783528,http://www.dubaijamaat.org/website/,,+97144257400,open,,"church_cathedral,religious_organization"
c4cdf51a-185f-4b3a-a933-c3f10d24f646,Abu Ayoub Alansari Mosque,mosque,islam,0.9500626074,25.3330858,55.4244975,,الشارقة,,,AE,https://www.facebook.com/103015158571402,,,+971568845348,open,,
bdf608ee-252c-4fb3-bb6f-50743a0c5396,Al Ghurair Mosque,mosque,islam,0.9500626074,25.2712015,55.3048203,6 7 St,دبي,,103711,AE,https://www.facebook.com/182546775150192,,,,open,,religious_organization
1a9c3266-154e-46bb-a066-327c5f70a01a,Khadri Mosque,mosque,islam,0.9500626074,25.2224416,55.2709161,41st St,دبي,,24401 600599999.,AE,https://www.facebook.com/357976637715067,,,,open,,"church_cathedral,religious_organization"
e801091e-8891-4a4d-879b-48422ed534af,Al-Jafiliya Mosque,mosque,islam,0.9500626074,25.2423386,55.2847482,9 13A St,دبي,,4321,AE,https://www.facebook.com/415553165217104,,,,open,,religious_organization
7614fae1-8aa9-4761-9f6a-418801983aa5,Karama Masjid,mosque,islam,0.9500626074,25.24409,55.3029349,Kuwait St - behind karama Center,دبي,,111695,AE,https://www.facebook.com/227269903984047,,,+971555643977,open,,religious_organization
e866f342-1814-485f-9877-ff950a47e3b9,Ibrahim Khaleel Masjid,mosque,islam,0.9500626074,25.257141,55.291058,- Al Rolla Rd,دبي,,242295,AE,https://www.facebook.com/329238653833095,,,,open,,religious_organization
004fa829-ceee-447a-80cc-99cc5b892e40,Al Huda Mosque,mosque,islam,0.9500626074,25.3316032,55.3689528,- Al Khan St,الشارقة,,1234,AE,https://www.facebook.com/162218111395308,,,+97165055888,open,,"church_cathedral,religious_organization"
22f1dfcb-4dc6-4e22-be42-87bf9c85ce8f,Al Majed Mosque,mosque,islam,0.9500626074,25.3042981,55.3670216,Almajid Mosque - شارع الاتحاد,الشارقة,,81730,AE,https://www.facebook.com/223326307679496,,,,open,,church_cathedral
d4745784-3a3c-40ea-93f7-bb4077e835ea,Masjid Al Baraha Mosque,mosque,islam,0.9500626074,25.2802845,55.3217155,,دبي,,,AE,https://www.facebook.com/260665067291477,,,,open,,religious_organization
54583c58-c9b7-46b7-b10e-5ba37d4c63c4,Salman Al Farsi Masjid,mosque,islam,0.9500626074,25.2717382,55.3209426,13B Street,دبي,,,AE,https://www.facebook.com/401552109918806,,,+971528146360,open,,"religious_organization,public_service_and_government"
7e9f088c-c907-4af4-8e2d-88ab10b00193,Pakistani masjid,mosque,islam,0.9500626074,25.3194089,55.4209515,,الشارقة,,,AE,https://www.facebook.com/1970126133253434,,,,open,,
592f05c6-08e5-40b2-80df-b9413ce400f5,Sheikh Humeid Bin Abdul Aziz Al Nuaimi Mosque,mosque,islam,0.9500626074,25.4143407,55.4460248,,عجمان,,,AE,https://www.facebook.com/101621989928612,,,,open,,
8b9d0c1e-cabf-45f0-9002-1b760ad6e9f9,Iranian Mosque,mosque,islam,0.9500626074,25.2637144,55.2941169,- Ali Bin Abi Taleb St,دبي,,24976,AE,https://www.facebook.com/1605774196361755,http://www.jafaria-dubai.ae,,+97143525252,open,,"landmark_and_historical_building,monument"
20f2c0f9-984e-4d7e-8fab-9dd1d2239b7d,Al Satwa Big Mosque,mosque,islam,0.9500626074,25.2321055,55.2771945,"Al Satwa Road, Al Satwa",دبي,,,AE,https://www.facebook.com/392654397420555,,,+97146087777,open,,"accommodation,park"
8314ceac-524e-412f-8c88-03d82d7b5270,Apostolic tamil church sharjah,church_cathedral,christianity,0.9500626074,25.3505921,55.4028764,"Sharjah Worship Centre, Al Yarmook Street",الشارقة,,91,AE,https://www.facebook.com/542144245801143,https://www.tamiglobal.org/,,+971547503737,open,,
86353c19-ce08-42d7-8bd0-e0f0b60f8cf9,Al Zarooni Mosque,mosque,islam,0.9500626074,25.2731795,55.3055665,- Naif Rd,دبي,,103711,AE,https://www.facebook.com/214237102512844,,,+971800600,open,,
c86307c2-fb77-41a3-9066-80226f5c0992,Satwa Grand Masjid,mosque,islam,0.9500626074,25.2321856,55.2771611,- Al Satwa Rd,دبي,,,AE,https://www.facebook.com/318264168240696,,,+971503942464,open,,religious_organization
e2ef09de-3b0a-463c-b36a-333d93c8f55d,"Abdullah Ibn Abbas Mosque, Masjid, مسجد",mosque,islam,0.9500626074,25.3316855,55.3916198,"- King Faisal Street, Al Majaz - King Faisal St",الشارقة,,23117,AE,https://www.facebook.com/1929875410434735,,,+97165055888,open,,
fd3ea984-a4f1-4fc5-beec-961e316c6e98,Muhammad Bin Madiyyeh Mosque,mosque,islam,0.9500626074,25.2691505,55.3049023,"29322 95819, شارع مستشفى آل مكتوم",دبي,,,AE,https://www.facebook.com/280940516093598,,,,open,,
09aa7312-7686-4667-b84d-66f74c73ebf0,Masjid Fathima Al Zarooni,mosque,islam,0.9500626074,25.2822009,55.3516713,"Al Mamzar, Opposite Al Farooj Fresh",دبي,,,AE,https://www.facebook.com/228319213982803,,,,open,,"church_cathedral,religious_organization"
6ae6a878-ff09-455f-98b3-b07bc0dd200e,KSIMC of Dubai Imambargah,mosque,islam,0.9500626074,25.2363079,55.2838282,"27140 92220, شارع 35 44",دبي,,,AE,https://www.facebook.com/271755582884914,,,,open,,
39c0b8e0-50f4-43a5-9ad7-ee445e290728,Khalifa Altajir Mosque,mosque,islam,0.9500626074,25.2552675,55.3286368,Khalefa Altajer Masjid,دبي,,,AE,https://www.facebook.com/516881988707086,,,+971800600,open,,church_cathedral
c5e64939-afd7-4fa0-b554-240bf7e8f82b,Gurair,mosque,islam,0.9500626074,25.2702471,55.3036127,7 3rd St,دبي,,,AE,https://www.facebook.com/333667380054818,,,,open,,
da48ceca-f26d-4abf-8a0b-638296e0c9ad,St. Joseph Catholic Church,church_cathedral,christianity,0.9170242867,24.4876207,54.3613549,Al Mushrif Abu Dhabi United Arab Emirates,أبوظبي,,,AE,https://www.facebook.com/177820313133030,http://www.stjosephsabudhabi.org,,+97124461929,open,,catholic_church
31a47b95-d8a1-49c6-a612-c1572275a08b,Christ Church Jebel Ali,anglican_church,christianity,0.9500626074,25.0263399,55.1143662,,دبي,,4333,AE,https://www.facebook.com/259305950771499,http://christchurchjebelali.org/,,+97148845436,open,,"church_cathedral,religious_organization"
16dd23e5-35b5-4930-a670-d8dcda9885ac,Mahamevnawa Buddhist Temple,buddhist_temple,hinduism,0.9500626074,25.2226633,55.2574899,"51 Street , 8 A Street, Villa No : 03",دبي,,24401 600599999.,AE,https://www.facebook.com/469124533167834,http://mahamevnawa.lk/,,+971554760526,open,,"religious_organization,church_cathedral"
c26259db-b47e-497b-95fd-b9b8612b69e5,St. Joseph's Cathedral,catholic_church,christianity,0.9500626074,24.4490334,54.3853986,شارع السولعي 19,أبوظبي,,20202,AE,https://www.facebook.com/459000980959263,http://www.stjosephsabudhabi.org/,,+97124461929,open,,"church_cathedral,religious_organization"
37ee24ab-fe01-439d-9bd4-5633ea7f058c,Mor Ignatius Jacobite Syrian Orthodox Cathedral,church_cathedral,christianity,0.9500626074,25.0266669,55.114077,"""Jebel Ali Village, Jebel Ali""",دبي,,,AE,https://www.facebook.com/112580850489503,http://www.dubaichurch.com/,,+971504592844,open,,religious_organization
bb504755-166b-4f9e-9d45-45c98fe05fcd,مقبرة بني ياس,church_cathedral,christianity,0.9500626074,24.3467236,54.7224592,- Unnamed Road,مدينة الرياض,,,AE,https://www.facebook.com/172509112841011,,,,open,,religious_organization
4d1764a4-ce72-48aa-b388-b9659eb0227c,St. Antony Cathedral,church_cathedral,christianity,0.9500626074,24.449096,54.384452,شارع السولعي 3,أبوظبي,,20202,AE,https://www.facebook.com/305494299517000,,,+97124461234,open,,
a556a06c-90ea-4455-9996-ffbc3cb29d14,St. George Orthodox Cathedral,church_cathedral,christianity,0.9500626074,24.4472473,54.3882832,St.George Orthodox Cathedral,أبوظبي,,P.O. Box - 833,AE,https://www.facebook.com/619083024860213,http://www.sgocad.com/,,+97124464564,open,,religious_organization
45706306-43aa-488f-af00-fdb30df1bb1c,Immanuel International Fellowship Church,church_cathedral,christianity,0.9500626074,24.3581723,54.5243549,26 Al Busnad 2 St,أبوظبي,,108415,AE,https://www.facebook.com/111514358185589,,,+971567616919,open,,religious_organization
80174e2f-342e-421a-8cec-8a024669e513,In My Father's House International Church,church_cathedral,christianity,0.9500626074,24.363673,54.5190874,Brethren Church Center Campus F2 Hall - 1st Floor,أبوظبي,,9630,AE,https://www.facebook.com/122098673678016604,https://inmyfathershousechurch.org/,,+971505788519,open,,
fdfd7159-e4cd-4d08-b63e-e14df4d6536f,Apostolic Revival Congregation,church_cathedral,christianity,0.9500626074,24.4492223,54.3868376,"- St. Andrew Church Centre, New Chapel",أبوظبي,,31757,AE,https://www.facebook.com/216442028215947,https://www.adactamilchurch.com/,,+971507214125,open,,
a6d766d6-0e84-4a13-ac46-b9e4a570f531,迪拜华人基督教会 Chinese Christian Church of Dubai,church_cathedral,christianity,0.9500626074,25.0259255,55.1146658,"1/F Salaam Hall, Dubai Evangelical Church Centre, Jabel Ali",دبي,,CCCD,AE,https://www.facebook.com/231201730597136,https://linktr.ee/chineseccd,,+971508789096,open,,religious_organization
0a74bb96-8acb-4a46-95b3-4cdb8410ae95,St. Mary's Greek Orthodox Church,church_cathedral,christianity,0.9500626074,25.0266123,55.1133714,our lady of annunciation,دبي,,,AE,https://www.facebook.com/100424268576745,,,+971526449382,open,,religious_organization
247c1a0f-0b0c-4c7f-b90e-0eb2be32a4c8,Mar Thoma Church,church_cathedral,christianity,0.9500626074,24.3639575,54.5202247,Mar Thoma Church,أبوظبي,,9630,AE,https://www.facebook.com/112134822208708,http://www.abudhabimarthomachurch.com/,,+97124464562,open,,religious_organization
b6913780-bcd5-4e27-b418-b11848e37334,Arab Evangelical Church in Abu Dhabi,church_cathedral,christianity,0.9500626074,24.4475812,54.387776,The Evangelical Church - Abu Dhabi,أبوظبي,,31757,AE,https://www.facebook.com/188681227852731,,,+971561287374,open,,religious_organization
fbd68fe1-b317-46e2-bcc8-c0f0e6de927e,IPC Hebron,church_cathedral,christianity,0.9500626074,24.3638353,54.5190489,Musaffah,أبوظبي,,,AE,https://www.facebook.com/863807403953256,,,+971563202233,open,,
4b40c97a-5a33-45b9-a987-cbe30748fece,St. Bishoy Coptic Orthodox Church,church_cathedral,christianity,0.9500626074,24.4493809,54.3867173,22 Al Barq St,أبوظبي,,31757,AE,https://www.facebook.com/486852401818399,,,+971506726204,open,,
97135648-3235-4e8f-87df-20c2fa5fbcd7,Greek Orthodox Archbishopric UAE Abu Dhabi,church_cathedral,christianity,0.9500626074,24.4491694,54.3866581,"""W24_02, Al Mushrif""",أبوظبي,,,AE,https://www.facebook.com/280321045471120,,,,open,,religious_organization
0e458d63-6b6b-480d-a896-fdfc47706871,Our Lady Of Annunciation Greek Orthodox Church,church_cathedral,christianity,0.9500626074,25.0264354,55.113339,"Jebel Ali Village, facing Gurunanak Darbar Sikh temple, next to Saint Mina Coptic Orthodox church",دبي,,"25°01'35.3""N 55",AE,https://www.facebook.com/519253421427283,,,+971506316823,open,,religious_organization
03e99a7d-ee21-4ab1-8e01-9ebd9d800f1d,Abu Dhabi International Seventh Day Adventist Church (ADISDAC),church_cathedral,christianity,0.9500626074,24.449381,54.3867177,شارع البرق 22,أبوظبي,,20202,AE,https://www.facebook.com/425328897592989,https://www.adisdac.org/,,+971508017119,open,,
8bba7cee-cc25-4ed6-b5fa-2673b9597d93,St. Elias Cathedral,church_cathedral,christianity,0.9500626074,24.3494057,54.515182,- 32/1,أبوظبي,,48181,AE,https://www.facebook.com/2005902229698505,,,+971543493759,open,,
be7fe31f-c36d-4401-bc8d-204a0791f79d,Covenant Hope Church,church_cathedral,christianity,0.9500626074,25.0263323,55.1148035,Dubai Evangelical Church Centre (DECC Building,دبي,,4333,AE,https://www.facebook.com/1016230055188482,http://covhopedubai.com/,,+971506309694,open,,religious_organization
4b602f7b-226a-4867-911a-c9630a23984a,St. Mina Coptic Orthodox Church,church_cathedral,christianity,0.9500626074,25.0268322,55.1137905,"Jebel Ali, Behind Muntazah Compound",دبي,,,AE,https://www.facebook.com/462174587142094,http://www.saintminadubai.org/,,+97148844000,open,,
603f0110-296c-4ec4-b3f5-72961ccc3a8e,you,church_cathedral,christianity,0.9500626074,25.1926044,55.2315541,1 Al Ghelaan Street,دبي,,,AE,https://www.facebook.com/220357697823234,http://tandm.ae/,,+971569814103,open,,"donuts,desserts"
3d6ae1e9-1d10-417b-83bc-45bd142078d1,The Armenian Church Of Abu Dhabi,church_cathedral,christianity,0.9500626074,24.3472724,54.5225406,"Street No.16, M-26,Mussafah",أبوظبي,,48181,AE,https://www.facebook.com/913939131950671,,,+971544304242,open,,religious_organization
6f647a92-99f9-4b5d-bf2f-bb98ba425d4d,Dubai Mar Thoma Parish,church_cathedral,christianity,0.9500626074,25.0256886,55.1142991,"""Jabal Ali First, 500""",دبي,,,AE,https://www.facebook.com/692404351133585,,,+97148845231,open,,religious_organization
5759ea30-1664-4825-a885-4654a807028f,Abu Dhabi Assembly Of God Church Urdu/ Hindi,church_cathedral,christianity,0.9500626074,24.4476462,54.3879822,شارع أم سلمة 30,أبوظبي,,20203,AE,https://www.facebook.com/1410232345762409,,,+971508158591,open,,religious_organization
e5035a0e-7861-4342-b0a7-3917818ea5ab,Tamil Church - The Apostolic Ministry,church_cathedral,christianity,0.9500626074,24.4493842,54.3867193,شارع البرق 22,أبوظبي,,20202,AE,https://www.facebook.com/388991247874113,http://www.sacuae.com/,,+971526074757,open,,"catholic_church,religious_organization"
36ad310e-7d31-4d11-8c80-c15c561d5e71,Christ Community Telugu Church Abu Dhabi (CCTC),evangelical_church,christianity,0.9500626074,24.4475819,54.3880038,,أبوظبي,,31757,AE,https://www.facebook.com/100837025292878,https://linktr.ee/cctcad,,+971585976520,open,,church_cathedral
2c88b520-7756-4610-82eb-8c09ddc1a18d,Evangelical Christian Church of Dubai,evangelical_church,christianity,0.9500626074,25.0262542,55.1144755,Dubai Evangelical Church Center,دبي,,4333,AE,https://www.facebook.com/73792994480,http://www.eccdubai.org/,,+97148089988,open,,"church_cathedral,religious_organization"
f203b526-86de-45e2-a44c-ae791af2a930,Dubai Evangelical Church Centre,evangelical_church,christianity,0.9500626074,25.02624,55.1148575,,دبي,,4333,AE,https://www.facebook.com/1668753700064144,https://goo.gl/maps/BaXA9zX7Xz4dXEd36,,+97148089999,open,,"church_cathedral,religious_organization"
3dcfc6e6-6a2f-48d5-9a2b-642f96c880f0,The Evangelical Church,evangelical_church,christianity,0.9500626074,24.4477957,54.3880571,شارع أم سلمة 30,أبوظبي,,20203,AE,https://www.facebook.com/302906196515749,http://www.eccad.org/,,+97125468279,open,,"church_cathedral,religious_organization"
923ac286-d5cf-455f-87e6-d892ab2f3c14,Hanuman Temple,hindu_temple,hinduism,0.9500626074,25.0268498,55.1130606,UAE Temple,دبي,,0,AE,https://www.facebook.com/109520325268016,,,,open,,
dba42a97-bfbc-436d-ac00-0c654a8b122d,Sheikh Hamdan bin Mohammed Al Nahyan Mosque,mosque,islam,0.9500626074,24.4712612,54.386577,- طريق حميم,أبوظبي,,37460,AE,https://www.facebook.com/1014653618738878,,,+97126143666,open,,church_cathedral
b52d0fe0-04a3-44d6-b0bb-be4caa998639,Heritage Village Mosque,mosque,islam,0.9500626074,24.4765976,54.3314735,91 sector,أبوظبي,,27009,AE,https://www.facebook.com/252555771507776,,,,open,,travel
b5c8ac7a-cf04-442e-babb-242616b6006a,Saif Bin Darwish Masjid,mosque,islam,0.9500626074,24.490368,54.3739847,,أبوظبي,,,AE,https://www.facebook.com/780725032125189,,,+97126143666,open,,
e18c4256-281c-473f-8429-a0a847dcda60,Bani Hashim Mosque,mosque,islam,0.9500626074,24.4091919,54.4937794,Jumeirah Park,أبوظبي,,,AE,https://www.facebook.com/533257246853963,,,+97126143666,open,,church_cathedral
16fc0920-dc62-44a7-8497-bebc2fc56742,prayer mosque,mosque,islam,0.9500626074,25.0690658,55.1319988,Masjid Al Rahim,دبي,,120253,AE,https://www.facebook.com/239514259540921,,,,open,,religious_organization
a02137e4-5e6c-480a-ba6c-89aab36305fd,Sheikh Mubarak bin Mohamed Mosque,mosque,islam,0.9500626074,24.3096602,54.1477212,Dabia Island,أبوظبي,,,AE,https://www.facebook.com/295061754434349,,,,open,,
146ae400-660d-4d9b-b3a5-39762c1fa6b1,Mary the Mother of Jesus Mosque,mosque,islam,0.9500626074,24.4498122,54.3858499,"17th Street, Abu Dhabi",أبوظبي,,,AE,https://www.facebook.com/170169500212505,,,+97126143666,open,,"church_cathedral,religious_organization"
883a401f-c76b-47d4-90c7-5315656c1df1,Khaled Bin Saeed Bin Zaid Mosque,mosque,islam,0.9500626074,24.3987669,54.7359356,Al Shamkha,أبوظبي,,,AE,https://www.facebook.com/679992615691322,,,,open,,
a66e42dd-8a10-45c8-9a01-98a0129fb831,Masjed Qurtobah,mosque,islam,0.9500626074,25.2160521,55.2671249,,دبي,,,AE,https://www.facebook.com/323003301833526,,,+97146087777,open,,
4f88ec9d-3e62-457d-8525-ec3e5959bcc1,Abdullah Humaid Al Rumaithi Mosque,mosque,islam,0.9500626074,24.4922011,54.3591137,,أبوظبي,,,AE,https://www.facebook.com/482674402219022,,,+97126143666,open,,
f8a0f1af-4fa8-414e-956b-1951e89c38d3,Mohammed Obaid Mosque Lactic,mosque,islam,0.9500626074,24.4679931,54.3619287,,أبوظبي,,,AE,https://www.facebook.com/1036759793044358,,,+97126143666,open,,
969fb157-0d12-484b-a9f0-24049cc3c522,Masjid,mosque,islam,0.9500626074,24.321051,54.5311472,Masjid Amina,أبوظبي,,92783,AE,https://www.facebook.com/583355252083199,,,+97126143666,open,,
c66cdfce-e888-4c59-9426-27b2db9e60ac,Mosque of Fathima Bint Mohammed Bin Butti,mosque,islam,0.9500626074,24.4848009,54.3640017,- Near Parking of Madinat Zayed Shopping Center - Zayed The First St,أبوظبي,,44548,AE,https://www.facebook.com/205862317020568,,,+97180029723,open,,
9080a4f2-c96b-4bd0-8efe-9283ade9134c,Abdul Rahman Siddik Mosque,mosque,islam,0.9500626074,25.124797,55.124884,- Al Mirziban,دبي,,500024,AE,https://www.facebook.com/562179857177781,,,,open,,
a9492aee-b62f-4423-9212-e9facf42932c,Al Aziz Mosque,mosque,islam,0.9500626074,24.4926244,54.3960176,"Marina Square, Al Reem Island",أبوظبي,,,AE,https://www.facebook.com/488459837987763,http://alazizmosque1.placeweb.site/,,,open,,"religious_organization,island"
87ced07c-1aa4-4a5d-9afe-af235bbb0f1b,Sheikh Ahmed Abdulaziz Al Mubarak Mosque,mosque,islam,0.9500626074,24.4620999,54.3630066,,أبوظبي,,,AE,https://www.facebook.com/2106716562883668,,,+97126143666,open,,
c5a4af21-c2a3-4f0b-a731-3fe39dcd5e0e,Zayed the Second Mosque,mosque,islam,0.9500626074,24.4813977,54.3587732,- Zayed The First St,أبوظبي,,114692,AE,https://www.facebook.com/143375585732739,,,+97126143666,open,,religious_organization
27ab9188-ab00-4cd4-a1f0-c6b6d1e5f8a4,Sheikh Zayed Grand Mosque,mosque,islam,0.9500626074,24.4117914,54.4745663,شارع الشيخ راشد بن سعيد 5,أبوظبي,,20219,AE,https://www.facebook.com/103422289699397,http://www.szgmc.ae/en/,,+97124191919,open,,"church_cathedral,landmark_and_historical_building"
19b9bbc5-6e4c-4dcc-836b-58305410e580,مسجد عمار بن ياسر,mosque,islam,0.9500626074,24.4436754,54.4126786,57 Mohammed Bin Gabran Al Suwaidi St,أبوظبي,,42524,AE,https://www.facebook.com/245049076174763,,,,open,,
ff0004c0-8ce7-4f15-ac4f-540a6784704a,Masjid Of Sheikha Fatima Bint Mubarak,mosque,islam,0.9500626074,24.3406244,54.5542828,"Z15,Mohammed Bin Zayed City",أبوظبي,,108100,AE,https://www.facebook.com/148294798593986,,,+97126143666,open,,religious_organization
acf95ad3-c986-4dbf-81f8-4e3ca7b17fc5,Mosque,mosque,islam,0.9500626074,25.0743035,55.1303342,- شارع الممشى,دبي,,473828,AE,https://www.facebook.com/382131045190314,,,,open,,religious_organization
486f0fc0-f5c6-4b79-81e2-0822159540d7,Mosque of Sheikha Maryam Bint Sultan,mosque,islam,0.9500626074,24.4639864,54.343609,,أبوظبي,,,AE,https://www.facebook.com/144326145657250,,,+97180029723,open,,religious_organization
d2e218fb-a3ae-492b-80cd-2400532137e3,Omar Bin Abdul Aziz Mosque,mosque,islam,0.9500626074,25.0472784,55.1287881,Street 1 D591,دبي,,0,AE,https://www.facebook.com/100191299170750,,,,open,,
bf6f71a3-dcfd-4902-89ab-e8b786ed014c,Sunni Noori Mosque,mosque,islam,0.9500626074,24.363163,54.5098304,,أبوظبي,,,AE,https://www.facebook.com/436781346448235,,,,open,,religious_organization
0132acbd-0dce-4ded-99a6-4e736c30a0ac,Darwaish Bin Ahmad Mosque,mosque,islam,0.9500626074,24.4944687,54.372804,,أبوظبي,,,AE,https://www.facebook.com/175849552472652,,,+97126143666,open,,
dac1ee5a-0c14-4c8d-ae0e-c64554c43411,Abu Dhabi Islamic Bank Mosque,mosque,islam,0.9500626074,24.4233751,54.4576872,,أبوظبي,,,AE,https://www.facebook.com/158888574191126,,,+97126143666,open,,
7e1a2dba-0831-47b9-a5f3-ee579a3198b5,Al Sahil Mosque,mosque,islam,0.9500626074,25.1435872,52.8713396,das Island,,,,AE,https://www.facebook.com/256717831908602,,,,open,,
426808de-d445-4bd4-9142-b97baed189fc,مسجد رافع بن عنجدة,mosque,islam,0.9500626074,24.2742445,54.6665859,30th St.,أبوظبي,,,AE,https://www.facebook.com/106984531632460,,,+97180029723,open,,
70eec279-4d96-4ab9-b791-0ffe94783c42,Sheikh Zayed Bin Sultan Mosque,mosque,islam,0.9500626074,24.4128398,54.4749902,- Al Majd St,أبوظبي,,,AE,https://www.facebook.com/191938727494879,https://lh4.googleusercontent.com/-FPhUYzK6LjI/UH0H-y6PSAI/AAAAAAAAJSk/Vqq6b9CwJzM/s1296/2012-10-16,,+97126143666,open,,"landmark_and_historical_building,religious_organization"
308917f0-a82f-4468-a778-8d85223c195f,Abdul Khaliq Abdullah Alkhoori Masjid,mosque,islam,0.9500626074,24.4820281,54.3725674,Al Falah,أبوظبي,,,AE,https://www.facebook.com/276624162968809,,,+97180029723,open,,
b2bfa779-00bd-4599-a281-e8e8a67a0ebf,مسجد سعيد محمد علي الغواص رقم 96,mosque,islam,0.9500626074,24.4661567,54.3584635,,أبوظبي,,,AE,https://www.facebook.com/599266687243528,,,,open,,
d400b1cc-3d01-4887-a119-cdf860d6d380,Abu Ayoub Al Ansari 396 Mosque,mosque,islam,0.9500626074,24.4241912,54.5774568,,أبوظبي,,,AE,https://www.facebook.com/1542054162607101,,,+97126143666,open,,
bd618eac-c908-4834-9ffa-ffedcedf2270,Mosque Amwaj,mosque,islam,0.9500626074,25.0739766,55.1317953,Amwaj 3,دبي,,473828,AE,https://www.facebook.com/2010002449061292,,,,open,,
c01b50c3-896d-4b18-9d20-2b5a3f45196b,Al Kareem Mosque,mosque,islam,0.9500626074,24.4728288,54.3165054,Cornish Rd behind Marina Mall,أبوظبي,,,AE,https://www.facebook.com/1059966534127914,,,+97126143666,open,,
bfcdc0e2-bc38-49bb-8663-958778037f6a,132 مسجد قرية المقطع,mosque,islam,0.9500626074,24.4344174,54.4531843,Almuntazah,أبوظبي,,,AE,https://www.facebook.com/2042462722485157,,,+97126143666,open,,
1947c8ba-f580-4cb0-b829-00b63cc61635,Masjid,mosque,islam,0.9500626074,25.0646344,55.1295532,Inside DEWA,دبي,,,AE,https://www.facebook.com/2190266277959046,,,,open,,church_cathedral
55b6a5b3-fb0f-4660-b482-ee99b3ccaa8b,Al Rahim masjid,mosque,islam,0.9500626074,25.0688203,55.1321806,Al Seba St,دبي,,120253,AE,https://www.facebook.com/905291423002329,,,,open,,"church_cathedral,religious_organization"
645ced97-7ee1-46fd-9638-e4cafc8d9199,Al Masjid Abu huraira,mosque,islam,0.9500626074,24.5487685,54.6379254,Al Bahia,أبوظبي,,,AE,https://www.facebook.com/717279465299007,,,,open,,
df133c96-7b6d-4f3e-b2ee-6eee63a44f74,Khadim Mohammed Al Qubaisi Masjid,mosque,islam,0.9500626074,24.4468929,54.4077409,,أبوظبي,,,AE,https://www.facebook.com/1549449618492017,,,+97126143666,open,,
64a1ce3e-4fe9-4abd-b21f-773d0c8915d0,Al Ghadeer Masjid,mosque,islam,0.9500626074,24.842146,55.0258585,Al Ghadeer Village,أبوظبي,,,AE,https://www.facebook.com/246117052920168,,,,open,,
d3fce1c5-cdeb-4fe0-893f-d7f8729dd8ab,Male Prayer Hall,mosque,islam,0.9500626074,24.4119399,54.4746491,,أبوظبي,,,AE,https://www.facebook.com/254086001951180,,,,open,,church_cathedral
8ee0c2f2-c4e3-4ad3-8733-e9aa784a53ca,Hamza mosque,mosque,islam,0.9500626074,24.4439979,54.4067826,,أبوظبي,,,AE,https://www.facebook.com/879801238712492,,,+97126143666,open,,
c01d77be-26d5-485d-8b44-209bed27ad70,Sheikh Mohammed Bin Khalifa Mosque,mosque,islam,0.9500626074,24.3311624,54.5316652,15 Al Ahlah St,أبوظبي,,108100,AE,https://www.facebook.com/285888755376414,,,+97126143666,open,,church_cathedral
d24e4eca-30b7-4d01-bb82-620dfb353c85,مسجد مستشفى الكورنيش,mosque,islam,0.9500626074,24.501471,54.3685561,Sheraton ABU Dhabi Hotel & Resort - Corniche Rd E,أبوظبي,,,AE,https://www.facebook.com/111424264708516,,,,open,,
a3587074-438e-44e5-9fff-ec472b041721,Eid Prayer Ground,mosque,islam,0.9500626074,24.5393628,54.6811503,,أبوظبي,,,AE,https://www.facebook.com/505598886181251,,,+97126413666,open,,
dfd63b93-4c47-4563-993a-5fa0c0a920d0,Ghurair Al Ojaan 63 Mosque,mosque,islam,0.9500626074,24.4929329,54.3841174,- 10th St,أبوظبي,,4758,AE,https://www.facebook.com/300435120310843,,,+97126143666,open,,church_cathedral
3a35376a-f991-4918-bacb-dc112f766e0b,Masjid Al Rasool Al Azham,mosque,islam,0.9500626074,24.482432,54.3731554,- شارع الهيلة,أبوظبي,,2333,AE,https://www.facebook.com/507392919437273,,,,open,,"church_cathedral,religious_organization"
5abbb0a0-1b5e-492e-9a22-db5d359c686e,Sheikh Zayed Bin Sultan Al Nahyan Mosque,mosque,islam,0.9500626074,24.5156678,54.6651902,- Al Bahya,أبوظبي,,,AE,https://www.facebook.com/1043079142528797,,,+97180029723,open,,
cea097a9-641e-4c63-ba36-4d7c1f71144c,JBR Mosque,mosque,islam,0.9500626074,25.076139,55.1337814,- Beach Walk,دبي,,473828,AE,https://www.facebook.com/185293508255094,,,,open,,
f6dbc65f-eeb2-4215-9aaa-32ac308cc4f3,Jumeirah Mosque,mosque,islam,0.9500626074,25.2339111,55.2654336,Jumeirah Beach Road,دبي,,113388,AE,https://www.facebook.com/474503855918949,http://www.jumeirahmosque.ae/,,+97143536666,open,,"church_cathedral,religious_organization"
ed7e87e6-0f44-4ee2-afb9-944e085918d4,مسجد أبراهيم بن الحارث القرشي,mosque,islam,0.9500626074,24.4118189,54.4746344,- Al Jami' Al Kabeer St,أبوظبي,,,AE,https://www.facebook.com/441436902691574,,,,open,,
51f0b5e5-11c6-4cf7-933c-d2f9c108f22c,MGtv | Abu Dhabi,pentecostal_church,christianity,0.9500626074,24.4491807,54.3869479,Saint Andrew's Church,أبوظبي,,31757,AE,https://www.facebook.com/573084436106737,,,+971528578858,open,,religious_organization
fd70e1c0-7be4-45f1-b65f-1b90b9c7f804,Abu Dhabi Assembly of God Church,pentecostal_church,christianity,0.9500626074,24.3637311,54.519137,Adnoc - Brethern Church Center - behind Emirates ID,أبوظبي,,9630,AE,https://www.facebook.com/142721642971327,,,+971501223293,open,,"church_cathedral,religious_organization"
08430b3b-6e5b-4cf6-80e9-9a2eb1138e1f,Gurdwara Mata Sahib Kaur Ji,sikh_temple,hinduism,0.9500626074,24.3664122,54.5100859,,أبوظبي,,12345,AE,https://www.facebook.com/480911742312509,,,+971558070729,open,,"religious_organization,church_cathedral"
a6acb377-1881-405a-acdd-bfdf9690200e,St. Paul's Church,catholic_church,christianity,0.9885143997,24.348791,54.5151193,"M 32/1, Off 16th Street, Behind KM Hypermarket، - 16th St",أبوظبي,,93312,AE,https://www.facebook.com/398727286999265,http://www.stpaulsabudhabi.org/,,+97124461114,open,,"church_cathedral,religious_organization"
aafec36f-512f-4ad9-87b4-9517731ed493,The Church of Jesus Christ of Latter-day Saints,church_cathedral,christianity,0.9885143997,24.3637712,54.519404,66 Al Jammalah 3 St,أبوظبي,,9630,AE,https://www.facebook.com/231815253615895,lds.org,,,open,The Church of Jesus Christ of Latter-day Saints,religious_organization
2d207ea3-4a25-48b3-8975-f6b462d18335,BAPS Hindu Mandir,hindu_temple,hinduism,0.9885143997,24.6161799,54.7313112,P6 Al Taf Road - E16,أبو مريخة,,971,AE,https://www.facebook.com/355160841629311,http://www.mandir.ae/,,+97125561982,open,,religious_organization
2093cfb9-af57-4026-a40b-75ea6f4144ae,Prayer Room,church_cathedral,christianity,0.9500626074,25.1176024,55.2002418,4th Interchange - Sheikh Zayed Rd,دبي,,182956,AE,https://www.facebook.com/240315666659783,,,,open,,mosque
7d7f1bc6-32fd-4ad8-b209-7a736e47fd51,Life Church Global,church_cathedral,christianity,0.9500626074,25.1432171,55.2487469,,دبي,,6136,AE,https://www.facebook.com/1835618076651303,http://www.lifechurchglobal.com/,,+971557203943,open,,
a0129d75-6869-49c4-b474-cb52ccf806fe,Fellowship at Two Seasons,church_cathedral,christianity,0.9500626074,25.1032513,55.1714776,Metro Station - Two Seasons Hotel & Apartments - Sheikh Zayed Rd - opposite Internet City,دبي,,,AE,https://www.facebook.com/109767592390385,http://fellowshipdubai.com/,,+97142443280,open,,religious_organization
af9cf7a0-a68b-4fad-a48b-af76545b0738,Um Ayman,church_cathedral,christianity,0.9500626074,25.3094844,55.4559624,طريق,الشارقة,,22436,AE,https://www.facebook.com/1870158646566578,,,+97165055888,open,,"mosque,religious_organization"
ecd25111-4006-4cf3-ae6c-fe68eff3a6af,Virgin Mary and St. Shenouda Coptic Church,church_cathedral,christianity,0.9500626074,24.1412709,55.8433313,5 Al Mayameen 9 St,العين,,,AE,https://www.facebook.com/866229393423650,,,+971561882263,open,,religious_organization
0bdb1c5f-2080-4133-a98d-20df71af16bf,St. George Jacobite Syrian Orthodox Simhasana Cathedral,church_cathedral,christianity,0.9500626074,24.1412857,55.8416651,"- Mazyad, Al Ain",العين,,,AE,https://www.facebook.com/609285122434756,,,+97137824902,open,,religious_organization
c75dd174-1d42-43d6-bddd-43199eac01ce,TransDelta Head Office,church_cathedral,christianity,0.9500626074,25.2897979,55.4453523,,الشارقة,,,AE,https://www.facebook.com/289906417775052,,,+97165340294,open,,
0323c6a0-70ad-4556-a561-9c6b44b406d6,Al Ain Evangelical Congregation,evangelical_church,christianity,0.9500626074,24.2076892,55.7593819,Evangelical centre - Kanad hospital,العين,,20661,AE,https://www.facebook.com/333384920023936,http://www.aaec.ae/,,+971545422774,open,,"church_cathedral,religious_organization"
89daa5ef-d4a3-4764-a512-fcc40694ab68,Abuzar Ghaffari Masjid,mosque,islam,0.9500626074,25.2740102,55.4274785,,دبي,,,AE,https://www.facebook.com/2256758757894563,,,,open,,
c6a876ba-3686-42bc-ae15-240dfa0c23eb,Al Tawar Mall Masjid,mosque,islam,0.9500626074,25.2641701,55.3860938,2 16 St,دبي,,232144,AE,https://www.facebook.com/192488844966288,,,,open,,
df19f483-48b9-4265-8871-c57cacf5de91,Al Zarooni Mosque,mosque,islam,0.9500626074,25.2545077,55.3922766,31 27A St,دبي,,25494,AE,https://www.facebook.com/332045264218384,,,,open,,
a837c1da-e4f5-4c4f-80c7-d1bb4d192cfd,Masjid,mosque,islam,0.9500626074,25.0641199,55.1464816,Jumeirah Islands,دبي,,NA,AE,https://www.facebook.com/474390312660300,http://masjidbanihashim.blogspot.ae/,,,open,,"religious_organization,community_services_non_profits"
2da63557-6b4f-4003-bffd-b57683d29a7c,Mosque,mosque,islam,0.9500626074,25.0806749,55.1397951,,دبي,,,AE,https://www.facebook.com/1515733631833002,,,,open,,
d445ba19-e4fd-4c3a-a12e-4b793469c1b2,Al Muherabah Masjid,mosque,islam,0.9500626074,25.1452188,55.1945815,8 6A Street,دبي,,128898,AE,https://www.facebook.com/1887046761417661,,,,open,,religious_organization
dba5c033-4559-421c-abc3-510d81d994b3,مسجد ام سقيم,mosque,islam,0.9500626074,25.1514002,55.2002479,766-774 - 3 شارع شاطئ جميرة,دبي,,128898,AE,https://www.facebook.com/2213029588769195,,,,open,,
d4e2f0a3-9901-45ae-9c83-aea2d294fa9e,Masjid E Ibadur Rahman,mosque,islam,0.9500626074,25.1424117,55.2493284,Al Quoz Industrial Area 2,دبي,,6136,AE,https://www.facebook.com/251300422203325,,,,open,,
6005d02f-51f5-4963-bdfa-cebb28ba8652,Sheikha Salama Mosque,mosque,islam,0.9500626074,24.2229933,55.7669221,- Zayed Bin Sultan St,العين,,64649,AE,https://www.facebook.com/708681255831024,,,+97180029723,open,,"landmark_and_historical_building,monument"
4812f11f-6b8e-4e10-8584-13ff8442f10d,Sheikh Sultan Mosque,mosque,islam,0.9500626074,24.2115457,55.7143023,,العين,,,AE,https://www.facebook.com/105616781024118,,,,open,,
7ac738de-d6db-46f0-9d9f-239707d5386a,Shaikha Ali Mosque,mosque,islam,0.9500626074,25.1237434,55.3783542,Headquarter 2,دبي,,341062,AE,https://www.facebook.com/101262662504807,,,+971569857724,open,,
b4bd6739-16b9-45f2-83b6-de12cc555c5b,Zaid Bin Haritha Mosque,mosque,islam,0.9500626074,25.2289124,55.3882237,22 Al Esbij St,دبي,,,AE,https://www.facebook.com/583343862122075,,,,open,,
b61c587f-2ff0-4e10-b647-3c8a748d79e3,Tecom Masjid,mosque,islam,0.9500626074,25.10629,55.1691525,- Abdullah Omran Taryam St,دبي,,35114,AE,https://www.facebook.com/1664429240334407,,,+971800600,open,,religious_organization
3f89457d-181b-422c-81b8-8f33eb5e268a,Masjid Musabah Bin Rashid Al Fattan,mosque,islam,0.9500626074,25.1355258,55.2141409,"19936 81158, شارع 20د 94",دبي,,,AE,https://www.facebook.com/184863978340514,,,+971502097042,open,,
c3ba2932-7cd4-4117-a9c7-c24936210d67,مسجد,mosque,islam,0.9500626074,23.4207944,55.4266613,,العين,,,AE,https://www.facebook.com/558040074687898,,,,open,,
d735a4b7-bc7a-4a66-85de-212e2d703f84,Osama Bin Zaid Mosque,mosque,islam,0.9500626074,25.1044901,55.1923267,"First Al Khail Street, Al Barsha 1",دبي,,38495,AE,https://www.facebook.com/479923839178658,,,+971800600,open,,
ce1dd0c7-b637-414c-a829-4378f7b257a7,Al Majeed Mosque,mosque,islam,0.9500626074,25.2175564,55.3222967,326 Al Khail Rd,دبي,,71707,AE,https://www.facebook.com/440753030074626,,,+97146087777,open,,
ec68bcc1-dcf1-46c5-b7fa-08fa2f3e18ef,Hamel Al Ghaith Mosque,mosque,islam,0.9500626074,25.0974435,55.1761001,,دبي,,,AE,https://www.facebook.com/372523046577198,http://www.meedprojects.com/Projects/dubai-holding-barsha-heights-mosque-plot-no-c008031-17338.aspx,,,open,,"church_cathedral,religious_organization"
28b6d710-28c3-4dbc-8b19-336a2c826f20,Aisha Mosque,mosque,islam,0.9500626074,25.1751845,55.2318508,"21816 85523, شارع الوصل 649",دبي,,,AE,https://www.facebook.com/530761356973067,,,+97146087777,open,,"church_cathedral,religious_organization"
19ad884e-7eec-4cc2-948e-8174b32b1d0f,华坊清真寺,mosque,islam,0.9500626074,25.1682303,55.4157203,迪拜国际城中国区华人清真寺,دبي,,,AE,https://www.facebook.com/689298231242589,,,,open,,
bf926bed-566e-4a83-9757-4aaa186d1f69,"Al Waha 2 Mosque, Silicon Oasis",mosque,islam,0.9500626074,25.1243159,55.4017832,,دبي,,,AE,https://www.facebook.com/667937273345081,,,,open,,"church_cathedral,religious_organization"
ee824951-39c0-40a7-85ca-7e9fcd889da9,Al Rashidiya Al Kabeer Mosque,mosque,islam,0.9500626074,25.2336661,55.3824646,- Airport Rd,دبي,,,AE,https://www.facebook.com/211700162303564,,,+97146087777,open,,religious_organization
b2de5f2c-681b-42c3-b125-8cebc34a3f67,Al Manar Islamic Center,mosque,islam,0.9500626074,25.1743307,55.2571053,218 Muscat Rd,دبي,,4431,AE,https://www.facebook.com/164231013725605,,,+97143394464,open,,education
c10879f1-dd82-4a8d-aa69-a34e90d88ba0,مسجد المرحومة حصة بنت أحمد الرئيسي,mosque,islam,0.9500626074,25.2716988,55.4483615,Oud Al Muteena 3,دبي,,,AE,https://www.facebook.com/242169056656155,,,,open,,
0226ee2b-c130-431f-ac1d-abe769bc1b45,Al Qasimia University Mosque,mosque,islam,0.9500626074,25.2983036,55.4623378,,الشارقة,,,AE,https://www.facebook.com/1777115609190670,,,+971558426325,open,,
3401d247-8217-4f12-b6b5-e1170e1e7ed7,Emarati,mosque,islam,0.9500626074,25.1622528,55.4211097,,دبي,,,AE,https://www.facebook.com/437543052994690,,,,open,,
b492e155-129a-434a-8ebe-dbb8629b75d2,Masjid,mosque,islam,0.9500626074,25.3006162,55.4414803,"SHOP NO.1, BLDG#269 - Sheikh Mohammed Bin Zayed Rd",الشارقة,,22436,AE,https://www.facebook.com/357562434421081,,,,open,,religious_organization
652620a6-fa9a-4981-867d-2a5dc366823e,Masjid Bilal Bin Rabah,mosque,islam,0.9500626074,25.2311856,55.4177871,Mirdif,دبي,,,AE,https://www.facebook.com/313916536070409,,,,open,,church_cathedral
6d344a65-7aef-44f4-8589-5e07c41fab06,Al Sahaba Mosque,mosque,islam,0.9500626074,25.1510396,55.3171814,,دبي,,,AE,https://www.facebook.com/469848160024389,,,+971563929627,open,,
b85ad2b1-5fda-443a-a832-865030705e03,Nad Al Sheba Grand Mosque,mosque,islam,0.9500626074,25.1529301,55.3257654,Nad Al Sheba 1,دبي,,4567,AE,https://www.facebook.com/1050868851634482,,,+97146087777,open,,religious_organization
13f248f8-53e7-4ca4-b8c9-e44c7ca22e81,Jame Masjid Faizan-e-Madinah,mosque,islam,0.9500626074,25.2627753,55.4154696,15 7th St,دبي,,1243,AE,https://www.facebook.com/754407044676037,,,,open,,religious_organization
81f9666f-9d0f-4021-8b3a-cb999e62918b,Al Farooq Omar Bin Al Khattab Mosque,mosque,islam,0.9500626074,25.1716445,55.2328589,شارع 6د 119,دبي,,,AE,https://www.facebook.com/520499644717673,https://www.alfarooqcentre.com,,+97143944448,open,,"church_cathedral,religious_organization"
58f50170-0ca0-472a-a3d6-b793137a9ccf,Masjid,mosque,islam,0.9500626074,25.1487143,55.1975609,9 41A St,دبي,,128898,AE,https://www.facebook.com/2223183294628507,,,,open,,
f9264c3a-b573-449c-906c-3b583925d27f,Nad Al Hamar Musalla,mosque,islam,0.9500626074,25.2114467,55.3970509,,دبي,,,AE,https://www.facebook.com/251952214853829,,,,open,,
8d07cd9b-3389-417d-8954-f0bf584ca230,Suni Mosque,mosque,islam,0.9500626074,25.0408792,55.1408034,"Building 132, Flat 307 - Street 6A",دبي,,0,AE,https://www.facebook.com/256814928233572,,,,open,,
6a7c3cc5-63b8-4fbc-9e90-8493d7ac5cad,Prayer room,mosque,islam,0.9500626074,25.2216976,55.3530906,Festival Centre 1,دبي,,,AE,https://www.facebook.com/272422260083296,,,,open,,
c3a2a2f5-838b-4cb6-be05-98d6b941b275,Marina Mosque,mosque,islam,0.9500626074,25.0828999,55.1427056,- شارع الممشى,دبي,,32923,AE,https://www.facebook.com/1301006826686436,,,,open,,church_cathedral
e3dcfc1c-24de-4cab-8ee0-d11c6ca3af6a,Abdullah Ali Gargash Mosque,mosque,islam,0.9500626074,25.1375589,55.1974757,Third - 37 24b St,دبي,,2542,AE,https://www.facebook.com/366020140133140,,,,open,,
81fb3ab6-ed2e-4901-9659-704632d78b49,Tableeghi Markaz Sharjah,mosque,islam,0.9500626074,25.295402,55.4111922,,الشارقة,,,AE,https://www.facebook.com/1444123985850208,,,+971547083101,open,,religious_organization
6ee2fb1c-5e64-4e3e-a865-4ed7cea5f474,Saleh Mohammed Bin Lahej Mosque,mosque,islam,0.9500626074,25.0604922,55.2071135,- JVC,دبي,,3452 CZ,AE,https://www.facebook.com/105654018288368,,,,open,,
a7a6f821-7ab9-4ba2-9a2e-2f76f3c37cd0,Mosque Shrena Khamis Al Mazroui,mosque,islam,0.9500626074,23.1156216,53.6867294,,مْزِيرْعَة,,,AE,https://www.facebook.com/106945584829179,,,+97128847444,open,,
eb143367-c599-4952-9a6d-4ea5cb9afc99,Mirdif Grand Mosque,mosque,islam,0.9500626074,25.2236204,55.4279364,47th Street,دبي,,444786,AE,https://www.facebook.com/102932505314668,,,+971800600,open,,
28566530-cd84-431b-aa7f-6cfafaf6e34b,Omar Ibn al-Khattab Masjid,mosque,islam,0.9500626074,25.1364445,55.2033387,,دبي,,,AE,https://www.facebook.com/406819113211511,,,+971524605483,open,,church_cathedral
7cfced0d-7fe7-4a18-9303-0258bc07d8e1,Ayesha Um Al-Momeneen Mosque,mosque,islam,0.9500626074,24.228362,55.7554664,- Ali Bin Abi Taleb St,العين,,19269,AE,https://www.facebook.com/270172476328042,,,+9718002421,open,,
e017b75f-a22a-4d5e-a4cc-763f6acb94e5,"Mosque Al Sahaba, Muhaisnah",mosque,islam,0.9500626074,25.2461523,55.4280818,شارع 23 5,دبي,,,AE,https://www.facebook.com/308140193316877,,,,open,,
797a3976-7e82-4bb4-b5bd-582bf6246f8c,Greens Mosque,mosque,islam,0.9500626074,25.093659,55.1675524,Mosque - 1A St,دبي,,128358,AE,https://www.facebook.com/294624621233649,,,,open,,
04e09c12-105a-49e5-8ce4-a90ad4bd1e1c,مسجد عبدالله المحيربي,mosque,islam,0.9500626074,24.2166198,55.7196746,,العين,,,AE,https://www.facebook.com/108219148217441,,,,open,,
17ed598a-284d-4215-8555-2f02e30d479c,مسجد السهول,mosque,islam,0.9500626074,25.0633798,55.1571474,,دبي,,,AE,https://www.facebook.com/278849832768291,,,,open,,
4c15a43f-9c66-4d30-b662-b75fefd7489c,Mohamed Khamis Saeed Albadi Mosque,mosque,islam,0.9500626074,25.2229862,55.4345609,"42277 90609, شارع 62ب 47b",دبي,,,AE,https://www.facebook.com/538965509898622,,,,open,,
48f6c708-fc10-4f0f-9666-6cff38d0743f,Al Suwaida Mosque,mosque,islam,0.9500626074,25.1500911,55.2882093,Al Quoz-Maydan Roundabout,دبي,,,AE,https://www.facebook.com/457894118032550,,,,open,,
ed30114b-5b54-4ea2-bd36-93ef1863b7ff,DEWA Mosque,mosque,islam,0.9500626074,25.2282028,55.3230541,1 11 St,دبي,,505240,AE,https://www.facebook.com/195958487962800,,,,open,,
f84aac77-77ae-47dc-8143-6c329d7db2d3,مسجد الليسيلي,mosque,islam,0.9500626074,24.931455,55.4752602,,دبي,,,AE,https://www.facebook.com/2250667495184054,,,,open,,
22e5e563-c84a-4a05-8188-b82ff7158e47,Al-Samad Mosque,mosque,islam,0.9500626074,25.0538617,55.1697636,"""Al Thanyah Fourth, 300""",دبي,,,AE,https://www.facebook.com/196441740462013,,,,open,,religious_organization
44c0161b-982a-4829-b363-72fc5b2c9436,Masjid Ras Al Khor,mosque,islam,0.9500626074,25.1766259,55.3606674,96 11 B St,دبي,,3,AE,https://www.facebook.com/1896393903788136,,,+971507267337,open,,
34bb854e-d14c-44b7-9bcb-50e84f7b4b50,Saleh Bin Lahej Mosque,mosque,islam,0.9500626074,25.0927811,55.1984637,16 Street 32B,دبي,,2345,AE,https://www.facebook.com/237611006274456,,,+97147059998,open,,"church_cathedral,religious_organization"
2d0215f3-8024-40d7-8a58-eb741b1837ec,Eid Prayer Ground,mosque,islam,0.9500626074,25.1650273,55.2169204,84 18B St,دبي,,,AE,https://www.facebook.com/110641507861018,,,+97142808888,open,,religious_organization
c5a475b9-5045-4f13-8514-e2a475705ca0,Nad Al Sheba Mosque,mosque,islam,0.9500626074,25.1601553,55.333947,Nad Al Sheba,دبي,,,AE,https://www.facebook.com/1084323808397604,,,+971529818412,open,,
0b4e740a-719f-4886-92d7-12fdd2efd2db,Mosque Of Sheikh Essa - مسجد الشيخ عيسى,mosque,islam,0.9500626074,24.2739809,55.7431139,,العين,,,AE,https://www.facebook.com/251976452166979,,,,open,,church_cathedral
50ecdc81-2f28-4468-8c35-a0e3e234b82b,Al Manara Mosque,mosque,islam,0.9500626074,25.1672039,55.2120894,Umm Suqeim 1,دبي,,,AE,https://www.facebook.com/744031742456874,https://ae.parkopedia.com/parking/carpark/al_manara_mosque/dubai/?vendor=here,,+97142808888,open,,
3ac0a32c-1c96-4cd5-ac04-02f4cd36021b,Ali Bin Abi Talib Mosque,mosque,islam,0.9500626074,25.1797541,55.2392364,33 8B St,دبي,,97140,AE,https://www.facebook.com/111653571312859,,,+971800600,open,,
659fe7c9-b89f-4c5f-a9fa-fce66c0557fa,Al Barsha Mosque,mosque,islam,0.9500626074,25.1128917,55.1942297,1 Al Barsha Rd,دبي,,115443,AE,https://www.facebook.com/109913669119137,,,,open,,religious_organization
89f93057-f1f3-4c02-b055-740ff084bfdc,Union Coop Masjid,mosque,islam,0.9500626074,25.0997816,55.2047701,,دبي,,,AE,https://www.facebook.com/386453602079104,,,+9718008889,open,,
94f67f59-fc39-4733-833f-e0c31a4a4b3c,Masjid,mosque,islam,0.9500626074,25.1695948,55.2487003,14 27a St,دبي,,4431,AE,https://www.facebook.com/389165661189670,,,,open,,religious_organization
62fc7e97-a3be-447b-bd44-d26571c9bca6,Musalla Eid,mosque,islam,0.9500626074,25.2108399,55.3970998,,دبي,,,AE,https://www.facebook.com/149283995159659,,,+971800600,open,,religious_organization
c930f718-6d1d-447d-80bc-4afe42fba1c1,مسجد محمد بن شمل المعمري,mosque,islam,0.9500626074,24.2525921,55.7189859,,العين,,,AE,https://www.facebook.com/468903400266917,,,,open,,
5377d502-e24d-4f7a-80a8-8557e52600b4,Al Anbiya Masjid,mosque,islam,0.9500626074,25.1287518,55.2335145,,دبي,,,AE,https://www.facebook.com/101375545411257,,,,open,,
3ce2ab20-2abc-4935-a29b-74abfe087791,Bilal Bin Rabah Masjid,mosque,islam,0.9500626074,25.2649294,55.4255597,شارع 17,دبي,,,AE,https://www.facebook.com/511632015520150,,,,open,,religious_organization
b6a47e3e-b464-4d95-8196-47a7e40d09c0,Hamad Abdul Karim Nasrulla Al Arif Masjid,mosque,islam,0.9500626074,25.2692484,55.4357396,"""Muhaisanah Second, 200""",دبي,,,AE,https://www.facebook.com/750700991740902,,,+971542477975,open,,religious_organization
14aa236d-011a-4ab2-9bcd-172ddad3183d,مسجد المعترض,mosque,islam,0.9500626074,24.2215664,55.7394856,- Al Baladiyah St,العين,,392189,AE,https://www.facebook.com/737464696628744,,,,open,,
ca3e1340-8bdc-4527-a1e4-de358ca8d6a8,Sheikha Latifa Mosque,mosque,islam,0.9500626074,25.2486445,55.4625532,13 - 13 27th St,دبي,,28676,AE,https://www.facebook.com/307940189791801,,,,open,,topic_concert_venue
37316622-32fb-4b0b-afe7-d26b3fa02df0,مسجد سيف حميد حارب الشامسي,mosque,islam,0.9500626074,24.1402778,55.698299,49 شارع رقم ٢٥,العين,,962,AE,https://www.facebook.com/847643325569448,,,,open,,
3a44ebf1-7272-4e53-a03f-431164ff7d84,Masjid Shaikha Maryam Bint Hamdan Al Nahyan,mosque,islam,0.9500626074,24.2273252,55.7277568,,العين,,,AE,https://www.facebook.com/493464184055502,,,,open,,
8d891bfd-f844-4c49-ba1e-38a2a39e4019,Al Ghafoor Mosque,mosque,islam,0.9500626074,25.1889389,55.2730712,- Down Town Rd,دبي,,8927,AE,https://www.facebook.com/106481717985693,,,,open,,religious_organization
9550cf96-8c6a-49e4-b2ca-46c21e312174,Mosque,mosque,islam,0.9500626074,25.1183635,55.2044223,"""Al Barsha First, 300""",دبي,,,AE,https://www.facebook.com/732585733749348,,,,open,,religious_organization
0c108039-1624-45ab-b42a-b006e4db5439,Gurudwara Nanaksar,sikh_temple,hinduism,0.9500626074,24.1542445,55.8166704,19 Al Kawakib 7 St,العين,,17292,AE,https://www.facebook.com/537475732996329,http://gurudwarananaksara.wixsite.com/website,,+971567832925,open,,
cf37ff6d-09a1-461e-a60e-3f9cb2aedbcd,Gurudwara Al Aweer,sikh_temple,hinduism,0.9885143997,25.1810641,55.3660567,"35353 85995, شارع 30ب 15",دبي,,,AE,https://www.facebook.com/584374775001463,,,+971554330633,open,,"religious_organization,church_cathedral"
680dd087-9739-4c06-b8db-0f547adb7d7d,St. John the Baptist Catholic Church,catholic_church,christianity,0.9500626074,24.0934389,52.6450201,Al Bunduq Rd,الظفرة,,11845,AE,https://www.facebook.com/659137773960026,,,+97125835442,open,,religious_organization
75ba548f-2413-419f-af6d-8db10fe8457a,Sheikh Zayed Grand Mosque,mosque,islam,0.9500626074,25.1259909,56.3268052,- شارع محمد بن مطر,الفجيرة,,9542,AE,https://www.facebook.com/434950733376957,,,+97192077777,open,,religious_organization
e3559665-7237-47cf-8d95-a9f25fbaf060,مسجد آمنة خليفة الحميري,mosque,islam,0.9500626074,25.3929278,55.5004307,,عجمان,,,AE,https://www.facebook.com/206621019496983,,,,open,,
5572feb4-40b6-49fa-9c05-b6247540f778,مسجد علي بن يعقوب السعدي - 723 - الغب,mosque,islam,0.9500626074,25.8020762,56.0071776,,راس الخيمة,,,AE,https://www.facebook.com/460417973995527,,,+971588423939,open,,
8ac3c8f9-4918-47f5-b5d4-0d672416727f,Emirates Tamil Full Gospel Church,church_cathedral,christianity,0.9500626074,25.6641521,55.8092471,,راس الخيمة,,,AE,https://www.facebook.com/103890864558913,http://www.raktamilchurch.com/,,+971502248262,open,,evangelical_church
243d9f5c-710a-40e8-a02c-b828bbd9d94a,RAK Oasis Church,church_cathedral,christianity,0.9500626074,25.6651896,55.8083183,Meet at St. Luke's Anglican Church premises,راس الخيمة,,16306,AE,https://www.facebook.com/1528767047441759,https://www.rakoasischurch.com/,,+971566042574,open,,
059b5829-4be2-4562-aec6-89c6e711ceeb,Immanuel Church of Fujairah,evangelical_church,christianity,0.9500626074,25.0933171,56.2784937,,الفجيرة,,,AE,https://www.facebook.com/182938541884815,http://www.immanuelfujairah.com/,,+971501466071,open,,"church_cathedral,religious_organization"
2b4566af-b5a7-4377-b4c4-db07ae977f4f,Ibrahim Al Khalil Mosque,mosque,islam,0.9500626074,25.0575032,56.3603852,6 Al Andalus St,كلباء,,,AE,https://www.facebook.com/2152235251493492,,,,open,,
fa519ee1-69d1-4b8f-a3c3-408b008cff8c,مسجد الأوابين,mosque,islam,0.9500626074,25.6006793,56.3004748,,الفجيرة,,,AE,https://www.facebook.com/385958495590215,,,,open,,religious_organization
b4c58339-1b6b-4b1b-947d-11a11d73e7b7,St Luke Anglican Church,anglican_church,christianity,0.9500626074,25.6652967,55.8083006,,راس الخيمة,,16306,AE,https://www.facebook.com/160360400772444,,,+97172216344,open,,"church_cathedral,religious_organization"
5ade0e74-c896-4e38-8b18-ead59ea48939,Al Nakheel Catholic Church,catholic_church,christianity,0.9500626074,25.7955649,55.9755766,1 10B St,راس الخيمة,,,AE,https://www.facebook.com/568501650269340,,,+971503370594,open,,"church_cathedral,religious_organization"
c865c122-ab52-450c-93ad-2d0d8fabc272,Seventh-Day Adventist Church,church_cathedral,christianity,0.9500626074,25.664591,55.8087562,,راس الخيمة,,16306,AE,https://www.facebook.com/1429763587131560,,,+97172435365,open,,religious_organization
6d7122e0-92c4-4c36-9b89-2febb91f8db6,St. Gregorios Jacobite Syrian Church,church_cathedral,christianity,0.9500626074,25.662857,55.8076464,"""Al Jazeerah Industrial 3, 6""",راس الخيمة,,,AE,https://www.facebook.com/2249188591978810,,,+971543587600,open,,religious_organization
e41e7b58-6eda-4599-afc2-2bddb40aa11d,RAK Evangelical Church Center,evangelical_church,christianity,0.9500626074,25.6641735,55.8094625,Al Hamra Industrial Area,راس الخيمة,,16306,AE,https://www.facebook.com/153620978507687,www.rakchurch.com/map,,+971589449118,open,,church_cathedral
c94cf4e6-81ff-40e6-a0f4-deedcb41999f,Salem Al Mutawa Mosque,mosque,islam,0.9500626074,25.3482416,56.3576599,,مدينة خور فكان,,,AE,https://www.facebook.com/1027785443976643,,,+97165055888,open,,
e884357e-1124-4708-8317-bd9bd27e44c3,مسجد إبراهيم سليمان,mosque,islam,0.9500626074,25.3941537,55.537725,الحميدية,عجمان,,,AE,https://www.facebook.com/574133866379565,,,,open,,
43a2209d-2422-4d94-8d88-668422ade2f8,مسجد مصعب بن عمير,mosque,islam,0.9500626074,25.3537776,55.855758,طريق الشيخ زايد بن سلطان آل نهيان,Falaj al Mu`allá,,,AE,https://www.facebook.com/2453163898236751,,,+9718002422,open,,
b0d8fe70-8ad8-4842-9a6a-ee881e001e25,مسجد العلاء بن الحضرمي,mosque,islam,0.9500626074,25.0305969,56.3641514,- Al Corniche St,كلباء,,,AE,https://www.facebook.com/2810183679021792,,,,open,,
a492c39e-ec53-4afd-a460-32addcf89d9c,Thumbay Moideen Masjid,mosque,islam,0.9500626074,25.418793,55.5005821,,عجمان,,,AE,https://www.facebook.com/737481492949253,,,+97167115555,open,,"public_service_and_government,park"
d1da930b-ad3a-46e7-b2cc-6020273086c0,Dubai Al Ain Highway Masjid,mosque,islam,0.9500626074,24.5608613,55.7511632,,الهِيَر,,,AE,https://www.facebook.com/534288486589171,,,,open,,
10a80009-3132-49a2-a9cd-059d956baf92,مسجد محمد بخيت المسافري,mosque,islam,0.9500626074,25.4672918,55.9769453,,,,,AE,https://www.facebook.com/170202953927919,,,,open,,
dd89c815-7b29-4c64-b01a-4e708d0d3dd4,مسجد جامعة عجمان,mosque,islam,0.9500626074,25.4121778,55.5064196,- University St,عجمان,,20767,AE,https://www.facebook.com/112330344685745,,,,open,,
07af84d9-3c9e-4cb0-8413-f82abebbc160,St Anthony of Padua Catholic Church,catholic_church,christianity,0.9500626074,25.6649435,55.8064091,Church,راس الخيمة,,,AE,https://www.facebook.com/633857403300606,https://stanthonyrak.org/,,+97172444320,open,,"church_cathedral,religious_organization"
b64d6062-0ddb-4d4e-9b8b-132667a4175e,Our Lady of Arabia Catholic Church,catholic_church,christianity,0.9500626074,25.5014521,55.5556857,"""Al Maqta'A 2, Umm Al Quwain City""",ام القيوين,,,AE,https://www.facebook.com/704625253243429,,,,open,,"church_cathedral,religious_organization"
30a628c7-c1af-4032-a4eb-e644f7ce39b6,Immanuel Mar Thoma Church,church_cathedral,christianity,0.9500626074,25.1479945,56.3412147,- Skamkam St,الفجيرة,,9542,AE,https://www.facebook.com/178696449395552,,,,open,,religious_organization
df5b15a4-9571-4043-a23d-e971061dc441,St Mary and Archangel Michael Coptic Orthodox Cathedral,church_cathedral,christianity,0.9500626074,25.6643511,55.807368,Al Acacia St. Al Jazeera Al Hamra,راس الخيمة,,,AE,https://www.facebook.com/460826374065285,www.stmarysrak.com,,+971556553836,open,,
72b6f0fe-0573-4961-8c5e-14d02d14f453,St.Mary's Indian Orthodox Church - Pilgrim Centre - Ras Al Khaimah,church_cathedral,christianity,0.9797833935,25.6659346,55.8076538,St.Mary's Indian Orthodox Pilgrim Centre Ras al khaimah,راس الخيمة,,P. O. Box 4780,AE,https://www.facebook.com/753765277987312,http://www.stmarysrak.com/,,+97172364686,open,,religious_organization
ebfe9c88-85da-4f74-a8f7-54cd47732cdf,St. Gregorios Indian Orthodox Church,church_cathedral,christianity,0.9500626074,25.147972,56.3421695,"""Al Sharia, Fujairah City""",الفجيرة,,,AE,https://www.facebook.com/771724749568919,http://stgregoriosindianorthodoxchurch.placeweb.site,,+97192225300,open,,religious_organization
8dc9af1a-aab6-4ae2-80be-02bbd132e4f3,مسجد النور,mosque,islam,0.9500626074,25.5027154,55.5739128,- B,ام القيوين,,1280,AE,https://www.facebook.com/582523308922445,,,+97180029723,open,,
4c32f577-2ca4-4d00-8246-143fd5b7e685,مسجد العوير الكبير,mosque,islam,0.9500626074,25.1775863,55.5444738,,دبي,,,AE,https://www.facebook.com/417381279060694,,,+971525254062,open,,religious_organization
7cbb9b85-4cc5-493b-8cea-7f29d555059d,الساحة الخارجية ( الصحن ) جامع الشيخ زايد الكبير - الفجيرة,mosque,islam,0.9500626074,25.126429,56.3277798,Madhab,الفجيرة,,,AE,https://www.facebook.com/468088009997622,,,+97192077777,open,,"church_cathedral,religious_organization"
349cecd1-16a9-46b5-9162-9ab7799dced0,Sheikh Mohammed Bin Salim Al Qasimi Mosque,mosque,islam,0.9500626074,25.8003518,55.9483452,,راس الخيمة,,,AE,https://www.facebook.com/1196959887124773,,,,open,,
23d63cd9-18aa-49b2-a689-596a3ae3972b,Al Bidya Mosque,mosque,islam,0.9500626074,25.4391152,56.3538721,"""Al Bidiya, Dibba Villages""",الفجيرة,,,AE,https://www.facebook.com/224144684264266,,,+97192343363,open,,landmark_and_historical_building